All.Trials	Phase4.Trails
3992	2080
824	680
3289408	1414400
44128	11587
173	149
32	19
1.40143221394763e-26	3.92102285270263e-17
